id,body,path,length,size_bytes,url,wall_time
0,Ο κυβερνητικός εκπρόσωπος Γιάννης Οικονόμου ξεκίνησε την ενημέρωση την ενημέρωση των πολιτικών συντακτών με αναφορά στη νίκη Μακρόν στις εκλογές στη Γαλλία χαρακτηρίζοντάς την ως νίκη του κέντρου απέναντι στα άκρα και νίκη της δημοκρατίας και του διαφωτισμού για τη Γαλλία και την Ευρώπη.Προσδοκούμε την περαιτέρω σύσφιξη των σχέσεων μας με τη Γαλλία ανέφερε ο Γιάννης Οικονόμου.Συνάντηση Μητσοτάκη  Καρόλου και η ανάπλαση του ΤατοΐουΣτη συνέχεια αναφέρθηκε στην επίσκεψη του πρωθυπουργού στη Σκωτία μετά από πρόσκληση του πρίγκιπα Καρόλου.Σύμφωνα με τον κυβερνητικό εκπρόσωπο o πρωθυπουργός θα ξεναγηθεί και θα φιλοξενηθεί στο ιστορικό κτήμα και τα κτίρια του 18ου αιώνα του Dumfries House που διαχειρίζεται το Ίδρυμα του Πρίγκιπα της Ουαλίας με τη μορφή κοινωνικής προσφοράς.Κατά τη συνάντηση τους θα συζητηθεί μεταξύ άλλων η δυνατότητα άντλησης ιδεών από τον τρόπο ανάπτυξης του Dumfries House για την μελλοντική αξιοποίηση του κτήματος Τατοΐου. Για το θέμα αυτό ο Πρίγκιπας της Ουαλίας είχε εκφράσει προσωπικό ενδιαφέρον όταν είχε επισκεφθεί την Ελλάδα για την επέτειο των 200 χρόνων από την Ελληνική Επανάσταση του 1821 και είχε συναντηθεί με τον πρωθυπουργό στο Μέγαρο Μαξίμου στις 25 Μαρτίου 2021.Ο κυβερνητικός εκπρόσωπος αναφέρθηκε στο σχέδιο και τις ενέργειες για την αποκατάσταση και την ανάδειξη του κτήματος Τατοϊου.Όπως είπε τα έργα που θα υλοποιηθούν είναι προϋπολογισμού 75 εκατ. ευρώ και θα έχουν ολοκληρωθεί σύμφωνα με το χρονοδιάγραμμα έως 31 Δεκεμβρίου 2025.Συνάντηση Μητσοτάκη  ΜπάιντενΗ αύξηση του βασικού μισθού από την 1η Μαΐου αγγίζει τα απώτατα όρια των οικονομικών δυνατοτήτων της χώρας και αφορά τους πιο αδύναμους εργαζόμενους σημείωσε ακόμα ο κυβερνητικός εκπρόσωπος. Είναι η ώρα των εργαζομένων. Πρόκειται για μια οφειλόμενη απόφαση είπε και ανέφερε ότι μέλημα της κυβέρνησης είναι προσεκτικά σχεδιασμένες κινήσεις για να μην επιστρέψουμε στη δεκαετία της κρίσης.Στη συνέχεια αναφέρθηκε στην αναβάθμιση της ελληνικής οικονομίας από τη SP που επιβεβαιώνει τη συνετή δημοσιονομική πολιτική που ακολούθησε η κυβέρνηση και του αναπτυξιακού σχεδίου που κατέθεσε η χώρα για την αξιοποίηση του Ταμείου Ανάκαμψης.Για την επίσκεψη του πρωθυπουργού στις ΗΠΑ και τη συνάντηση με τον πρόεδρο Μπάιντεν ο κ. Οικονόμου ξεκαθάρισε ότι στην ατζέντα της συζήτησης δεν περιλαμβάνεται η περαιτέρω συμμετοχή της Ελλάδας στον πόλεμο της Ουκρανίας αλλά η διμερείς σχέσεις και η πορεία της συνεργασίας της Αθήνας με τη Ουάσιγκτον.Σε ερώτηση για το εάν η κυβέρνηση ανησυχεί από τις εικόνες συνωστισμού που είδαμε το Πάσχα ο κ. Οικονόμου σχολίασε ότι εκπέμπεται ένα μήνυμα αισιοδοξίας ενώ όσον αφορά το υγειονομικό κομμάτι υπάρχει έλεγχος και εκτίμηση της κατάστασης.,/home/panos/Documents/ATD/docengine/raw_docs/doc0.html,2672,4876,https://www.in.gr/2022/04/26/politics/kyvernisi/oikonomou-erga-75-ekat-eyro-sto-tatoi-sxedio-anaplasis/,2022-04-27 13:14:13
1,Ενημέρωση σε δημοσιογράφους έκανε προ ημερών η τουρκική πρεσβεία στην Αθήνα. Σύμφωνα με όσα υποστήριξαν αρμόδιες πηγές φαίνεται ότι το 2022 υπάρχει εκατέρωθεν πρόθεση για ηρεμία στα ελληνοτουρκικά δίδοντας ιδιαίτερη έμφαση στη συνάντηση Μητσοτάκη  Ερντογάν στην Κωνσταντινούπολη. Εν τούτοις οι τούρκοι ιθύνοντες κατηγόρησαν ξανά την Αθήνα για επαναπροωθήσεις μεταναστών pushbacks μην παραλείποντας να ευχαριστήσουν τους έλληνες δημοσιογράφους που αναδεικνύουν το θέμα.Ο αγωγός EastMed χαρακτηρίστηκενεκρός πριν γεννηθεί ενώ επιχειρήθηκε να εξηγηθεί γιατί η Τουρκία δεν μετέχει στις κυρώσεις εναντίον της Ρωσίας. Στο πλαίσιο αυτό ειπώθηκε ότιαν κάποιοι επιθυμούν να είναι στη σωστή πλευρά της Ιστορίας Ελλάδα εμείς επιθυμούμε να είμαστε στη σωστή πλευρά του μέλλοντος Τουρκία. Ακόμα η Αθήνα κατηγορήθηκε για αδράνεια στον τομέα των Μέτρων Οικοδόμησης Εμπιστοσύνης αλλά και για την επιλογή να προχωρήσει σε έρευνες υδρογονανθράκων νότια και νοτιοδυτικά της Κρήτης που όμως αφορούν τη Λιβύη και όχι την Τουρκία όπως ειπώθηκε.Τα παραπάνω σε συνδυασμό με τις καθημερινές παραβιάσεις του ελληνικού εναέριου χώρου από τουρκικά αεροσκάφη επανδρωμένα ή μη ή τις υπερπτήσεις ιδιαίτερα δε τις ανεξέλεγκτες κορόνες από τον μόνιμα αψύ υπουργό ΑμυναςΧουλουσί Ακάρ σε κάνουν να αναρωτιέσαι εάν οι γείτονες θέλουν και τα λένε ή εάν απλώς τους ξεφεύγουν,/home/panos/Documents/ATD/docengine/raw_docs/doc1.html,1336,2455,https://www.in.gr/2022/04/26/politics/paraskinio/tourkika-analekta/,2022-04-27 13:14:13
2,Σε όλες τις πρόσφατες παρεμβάσεις του κυρίως ενώπιον κομματικού ακροατηρίου ο Κυριάκος Μητσοτάκης έδειξε προς τις κάλπες του 2023. Και όμως σε κάθε ομιλία του έσπευσε να διατυπώσει από τώρα τα βασικά διλήμματα της επόμενης αναμέτρησης. Με σταθερή συνθηματολογία ή διαφορετικές διατυπώσεις ο Πρωθυπουργός εντάσσει στο πολιτικό λεξικό του συγκεκριμένες φράσεις  κλειδιά που χτίζουν ουσιαστικά το νέο αφήγημά του. Να πάψουν επιτέλους σε αυτή τη χώρα σχολίαζε μάλιστα κλείνοντας τις προσυνεδριακές εκδηλώσεις ο γραμματέας της ΝΔ Παύλος Μαρινάκης να χάνουν το νόημά τους οι λέξεις.Ποιες είναι αυτές για τον Πρωθυπουργό πού τις απευθύνει και ποιο το νόημά τους;ΑνανέωσηΗ λέξη δεν αφορά μόνο τις ιδέες αλλά και πρόσωπα. Ο Μητσοτάκης δείχνει να επιμένει στις διευρύνσεις ενώ και κομματικά στελέχη κοντά στον Πρωθυπουργό χαρακτηρίζουν την ανανέωση ως οξυγόνο της ΝΔ. Στόχος το μήνυμα να εκπεμφθεί στην πράξη με τις ζυμώσεις για την Πολιτική Επιτροπή να δείχνουν προς ανοίγματα στην κοινωνία των πολιτών Τοπική Αυτοδιοίκηση Επιμελητήρια. Κρατάμε την εμπειρία θέλουμε και φρεσκάδα αναφέρεται. Ενδεικτικό και το καρφί Μητσοτάκη για τον ΣΥΡΙΖΑ Κάνουν συνέδριο για να στηρίξουν τον αρχηγό που κάθεται στην καρέκλα του 15 χρόνια.Διαφορετικοί κόσμοιΗ φράση απευθύνεται στον ΣΥΡΙΖΑ αλλά όχι αποκλειστικά. Στο μυαλό του Μητσοτάκη είναι οι λαϊκιστές στην Ακρα Δεξιά και Ακρα Αριστερά και ουσιαστικά λειτουργεί ως ομπρέλα στα σύγχρονα διλήμματα. Στόχος να χρεώνει στους πολιτικούς αντιπάλους του στείρα αντιπαράθεση και έλλειψη καθαρών θέσεων προβάλλοντας ευρύτερα δίπολα Οχι το ξεθωριασμένο Δεξιά  Αριστερά αλλά τις διαφορές αντιλήψεων. Στόχος οι νεότεροι οι μετριοπαθείς και ειδικότερα το ακροατήριο του ΠΑΣΟΚ.Κοινωνική ευαισθησίαΟι πρωθυπουργικές παρεμβάσεις πιστοποιούν ότι η κοινωνική πολιτική μετατοπίστηκε στην κορυφή της στρατηγικής. Στο φόντο υπάρχουν η ακρίβεια και γκάλοπ που δείχνουν φθορά του Μαξίμου και ανασφάλεια. Ο Μητσοτάκης όχι τυχαία άνοιξε την ατζέντα από τη Β Πειραιά και έπεται συνέχεια. Στόχος να αποδυναμωθούν οι αντίστοιχες διεκδικήσεις ΣΥΡΙΖΑ και ΠΑΣΟΚ. Με τα λόγια κορυφαίου υπουργού δεν πάμε για το μονοπώλιο της ευαισθησίας αλλά δεν το χαρίζουμε κιόλας.ΚράτοςΕίμαι φιλελεύθερος λέει ο Μητσοτάκης αλλά φέρνει μπροστά και το αποτελεσματικό κράτος. Ενόσω η αξιωματική αντιπολίτευση εξαπολύει τακτικά πυρά για νεοφιλελευθερισμό ο Πρωθυπουργός απαντά προβάλλοντας τα δυνατά χαρτιά του όσα δημοσκοπικά δείχνουν να έχουν απήχηση. Πρώτα από όλα την ψηφιοποίηση του κράτους. Ετσι χτίζεται η εμπιστοσύνη έλεγε προ ημερών.Μεσαία τάξηΑν υπάρχει μια φράση που διατύπωνε ο Μητσοτάκης προεκλογικά και μετεκλογικά είναι το θα επιστρέψω στη μεσαία τάξη όσα της πήρε ο ΣΥΡΙΖΑ. Παραμένει κρισιμότερη δεξαμενή που κατά την πρωθυπουργική ερμηνεία δεν αποτελεί μόνο ραχοκοκαλιά της κοινωνίας ούτε προσδιορίζεται μόνο από οικονομικά κριτήρια αλλά περικλείει όσους θέλουν προκοπή τηρώντας συγκεκριμένη στάση ζωής. Η μεσαία τάξη επανέρχεται εκ μέρους της ΝΔ ως το επίκεντρο των συγκρίσεων με τον ΣΥΡΙΖΑ.ΠρόοδοςΝα μη συμβιβάζεσαι με τη λογική ότι τίποτα δεν μπορεί να αλλάξει είναι ο επίσημος ορισμός Μητσοτάκη. Ακόμα και για την αναμέτρηση Μακρόν  Λεπέν μίλησε για διαφορά αντιλήψεων περί προόδου και συντήρησης. Το δίλημμα θα τεθεί και στην εθνική κάλπη σε σύνδεση με τις λύσεις στα προβλήματα και τις μεταρρυθμίσεις. Ανεπίσημα στόχοι είναι να αποδομείται το συριζαϊκό σύνθημα περί προοδευτικής διακυβέρνησης και να εξασφαλίζεται νεοδημοκρατικό προβάδισμα στις ίδιες κατευθύνσεις στις οποίες κινείται το ΠΑΣΟΚ.ΠροσπαθούμεΗ λέξη εντάχθηκε εσχάτως στο μότο το είπαμε το κάνουμε. Ο Πρωθυπουργός επιμένει να καλλιεργεί την εικόνα μιας κυβέρνησης που χρησιμοποιεί τη γλώσσα της αλήθειας. Με το ρήμα προσπαθούμε όπως εκτιμούν συνεργάτες του θέλει αφενός να αποτινάξει τις κατηγορίες περί αλαζονείας αφετέρου να δώσει νέα προοπτική διακυβέρνησης. Το σχέδιο που οραματίζομαι λέει ο ίδιος δεν ολοκληρώνεται σε μία τετραετία.ΣταθερότηταΟχι απλώς κουμπώνει στα πολιτικά διλήμματα αλλά αποτελεί τη βάση του προεκλογικού και του μετεκλογικού σχεδιασμού ως το σημαντικότερο διακύβευμα. Με διακηρυγμένο τον στόχο της αυτοδυναμίας στόχος όχι αυτοσκοπός όπως διευκρινίζουν πλέον κορυφαίοι υπουργοί  η λέξη επιστρατεύεται και στην πρωθυπουργική προσπάθεια να δείχνει θεσμική εικόνα. Αλλαγή παραδείγματος σχολιάζουν συνεργάτες του σε αντιπαραβολή όπως εννοούν με αποσταθεροποιητικές λογικές ΣΥΡΙΖΑ.ΣύγκρισηΟι συγκρίσεις όσον αφορά ΝΔ και ΣΥΡΙΖΑ και σε ότι αφορά τη συνέπεια κυβερνητικών δεσμεύσεων και πράξεων είναι αίτημα που διατυπώνει από τώρα ο Μητσοτάκης. Πρώτο απολογισμό και ώθηση των πολιτών σε συγκρίσεις προετοιμάζει ο Πρωθυπουργός για την κομματική συγκέντρωση του Μαΐου κυρίως στο πεδίο της οικονομίας. Με την αναγνώριση ότι εκεί θα δίνονται οι πολιτικές μάχες και με την αγωνία να μη θολώσει οριστικά το κυβερνητικό αφήγημα στη δύσκολη συγκυρία.Σωστή πλευράΗ φράση στη σωστή πλευρά της Ιστορίας και της καθημερινότητας επίσης συνδέεται με τα σύγχρονα διλήμματα που διατυπώνει ο Μητσοτάκης με αφορμή και τη ρωσική εισβολή στην Ουκρανία. Πεποίθησή του είναι ότι οι καθαρές θέσεις απέναντι στις προκλήσεις της νέας εποχής χωρίς ασάφεια ή ουδετερότητα θα έχουν απήχηση στην πλειονότητα. Στόχος οι κεντρώοι μια συμμαχία κατά το Μαξίμου λογικής και σταθερότητας.,/home/panos/Documents/ATD/docengine/raw_docs/doc2.html,5236,9671,https://www.in.gr/2022/04/26/politics/kyvernisi/politiko-leksiko-tou-mitsotaki-oi-10-lekseis-kleidia-sto-afigima-tou-prothypourgou/,2022-04-27 13:14:13
3,Στη διακεκαυμένη ζώνη της προεκλογικής περιόδου βαδίζουν Τουρκία Κυπριακή Δημοκρατία και Ελλάδα μετρώντας αντίστροφα για το 2023. Η επόμενη χρονιά είναι χρονιά εκλογών και για τις τρεις χώρες εκτός απροόπτου που θα μπορούσε να τις φέρει πιο κοντά σε Ελλάδα και Τουρκία παρά τις σχετικές διαβεβαιώσεις  γεγονός που έχει τις δικές του επιπτώσεις και στα εθνικά θέματα που συνδέουν Αθήνα Αγκυρα και Λευκωσία.Με τους διπλωμάτες να εκτιμούν ότι μπαίνουμε σε μια περίοδο αναμονής όπου τα άλματα απαγορεύονται οι λύσεις δεν είναι ορατές μέχρι τον σχηματισμό των διάδοχων κυβερνητικών σχημάτων και οι εντάσεις είναι μεγάλος πειρασμός κυρίως σε επίπεδο ρητορικής έως μεσαίας κλίμακας προκλήσεων. Ιδιαίτερα σε μια περίοδο που η Αγκυρα νιώθει να ενισχύει τον ρόλο της μέσα από τον πόλεμο στην Ουκρανία.ΕλληνοτουρκικάΚυριάκος Μητσοτάκης και Ρετζέπ Ταγίπ Ερντογάν στην πρόσφατη συνάντησή τους συμφώνησαν σε ένα νέο μορατόριουμ αποφυγής προκλήσεων και εντάσεων το οποίο πλην των γνωστών παραφωνιών εφαρμόζεται. Διπλωμάτες και των δύο πλευρών εκφράζουν την ελπίδα να συνεχιστεί και σημειώνουν σε κάθε περίπτωση ότι είμαστε πολύ μακριά από το καλοκαίρι του 2020. Η θετική ατζέντα και η δέσμευση των δύο πλευρών να προχωρήσουν στα ζητήματα χαμηλής πολιτικής που αφορούν οικονομικές και εμπορικές σχέσεις οι οποίες δεν ακουμπούν τις πληγές για να ξυπνήσουν τα θηρία είναι ιδιαίτερα σημαντική.Ακόμα και αν όλοι εύχονται το 2022 να συνεχίσει σε ήρεμα νερά αναγνωρίζουν ότι οι εκλογές δημιουργούν ανάγκες αποπροσανατολισμού και προκαλούν εντάσεις με στόχο ψήφους. Ιδιαίτερα σε περίοδο κρίσης όπως αυτή που πυροδοτεί η εισβολή της Ρωσίας στην Ουκρανία. Σημαντικό και ότι ο Σεπτέμβριος που έρχεται είναι η επέτειος των 100 χρόνων από τη Μικρασιατική Καταστροφή που θα μπορούσε να αξιοποιηθεί ως ένδειξη μεγαλείου από την Αγκυρα.Σε αυτό το πλαίσιο αναλυτές και διπλωμάτες υπογραμμίζουν ότι οι ισορροπίες παραμένουν εύθραυστες και αναρωτιούνται παράλληλα εάν ένα ακόμα μορατόριουμ είναι αυτό που χρειάζεται στα Ελληνοτουρκικά. Οσοι δε είναι υπέρμαχοι των συμβιβασμών με στόχο λύσεις έστω και με κόστος στο πλαίσιο του διεθνούς δικαίου υπογραμμίζουν ότι ακόμα και αν αυτές δεν μπορούν να ολοκληρωθούν προεκλογικά θα πρέπει να συνεχίσουν να αναζητούνται αντί της εμμονής σε μια ασφαλή ακινησία. Ενώ η καθυστέρηση της συνάντησης των ΜΟΕ αυξάνει σε ορισμένους τα ερωτηματικά σκοπιμοτήτων που συνδέονται ίσως και με τα εξοπλιστικά τα οποία η Αγκυρα επιχειρεί να απαξιώσει διαρκώς.Με αρμόδιους παράγοντες και στη γείτονα να χαρακτηρίζουν αρνητική την όποια στρατιωτικοποίηση της διπλωματίας. Στο ραντάρ της Αθήνας παραμένουν ως εξαιρετικά ενοχλητικές και οι διαρκείς υπερπτήσεις και παραβιάσεις που απαντώνται με τα δέοντα και καθιερωμένα διαβήματα. Αντίστοιχα στην Τουρκία έχουν επίσης πέσει οι τόνοι και στο ζήτημα της αποστρατιωτικοποίησης των νησιών του Αιγαίου. Ωστόσο για την Αθήνα δεν θεωρείται ότι η Αγκυρα έχει βάλει στο ράφι την αμφισβήτηση της Λωζάννης και τον αναθεωρητισμό.Κυπριακό κι ενεργειακάΤα ενεργειακά θα μπορούσαν να αποτελέσουν καταλύτη για λύσεις ξεκινώντας από το Κυπριακό. Οι προεδρικές εκλογές στην Κύπρο ωστόσο επιβάλλουν ακινησία. Ενώ και η επιμονή της Τουρκίας σε λύση δύο κρατών δείχνει αδιέξοδο. Η ρωσική εισβολή στην Ουκρανία ωστόσο δημιουργεί απαίτηση για άμεσες λύσεις όσον αφορά την ενεργειακή διαφοροποίηση που καθιστούν βέβαιη την άσκηση πιέσεων στην Κύπρο για προσαρμογή στα νέα δεδομένα αρχιτεκτονικής ασφάλειας της Ανατολικής Μεσογείου,/home/panos/Documents/ATD/docengine/raw_docs/doc3.html,3444,6346,https://www.in.gr/2022/04/26/politics/diplomatia/diplomatiko-freno-apo-treis-kalpes/,2022-04-27 13:14:13
4,Αδιανόητα υψηλό για την ακροδεξιά και μάλιστα στην καρδιά της Ευρώπης χαρακτηρίζει το ποσοστό του 42 της Μαρίν Λεπέν ο βουλευτής της ΝΔ Δημήτρης Καιρίδης υπογραμμίζοντας ότι παρά τη μεγάλη ανακούφιση που αισθάνεται η Ευρώπη θέτει το ερώτημα αν ο Εμαμουέλ Μακρόν θα καταφέρει να ελέγξει τη Βουλή στις προσεχείς βουλευτικές εκλογές.Πολύ δύσκολοΑναφερόμενος στην επανεκλογή του προέδρου Μακρόν ο κ. Καιρίδης τόνισε ότι το βέβαιο είναι ότι έχουμε μια μεγάλη νίκη του Μακρόν πάνω από τις δημοσκοπήσεις που του δίνει μία άνεση και μια αυξημένη νομιμοποίηση.Ο διεθνολόγος και γαλάζιος βουλευτής μιλώντας στην ΕΡΤ προσθέτει ωστόσο ότι προφανώς η ακροδεξιά πέτυχε ένα υψηλό ποσοστό που δεν είναι λίγο στην καρδιά της Ευρώπης στη δημοκρατική Γαλλία. Αυτό το 42 θα ήταν αδιανόητο πριν από μερικά χρόνια.Ο κ. Καιρίδης επεσήμανε ότι τις επόμενες 24 ώρες θα έχουμε νέο Γάλλο πρωθυπουργό καθώς η θητεία Καστέξ τελειώνει. Ο Μακρόν θα διαλέξει κάποιον λαϊκό κάποιον που θα μπορεί να μαζέψει ψήφους ώστε να τρέξει την προεκλογική εκστρατεία τον επόμενο 1 5 μήνα για να δούμε αν θα καταφέρει να ελέγξει ξανά τη Βουλή όπως το είχε κάνει το 2017.Είναι πολύ πιο δύσκολο τώρα καθώς έχει πίσω του μια κυβερνητική θητεία δεν έχει τον αέρα του νέου και γιατί οι Γάλλοι αρέσκονται στο να μοιράζουν τις εξουσίες. Να θυμίσουμε ότι μέχρι το 2002 όταν η προεδρική θητεία ήταν 7ετής και η βουλευτική 5ετής είχαμε πολλές συγκατοικήσεις.Από το 2002 όταν η θητεία του προέδρου μειώθηκε στα 5 χρόνια και συμπίπτει με τις βουλευτικές και οι βουλευτικές έπονται των προεδρικών πάντοτε είχαμε προεδρική πλειοψηφία στη Βουλή αλλά δεν είχαμε επανεκλογή προέδρου. Δηλαδή δώσανε πλειοψηφία στον Σιράκ δώσανε πλειοψηφία στον Σαρκοζί δώσανε πλειοψηφία στη συνέχεια στον Ολάντ αλλά δεν τους επανεκλέξανε τους δυο τελευταίους ανέφερε μεταξύ άλλων ο Δημήτρης Καιρίδης.Διαβάστε επίσης Εκλογές στη Γαλλία Πώς υποδέχτηκε ο Τύπος της χώρας τη νίκη ΜακρόνΔιαβάστε επίσης Στοίχημα για τρεις η επόμενη ημέρα στη Γαλλία Μακρόν Λεπέν και ΜελανσόνΗ Ευρώπη αισθάνεται μια μεγάλη ανακούφισηΝα αναφέρουμε ότι σε ένα βαθμό η στρατηγική του Μακρόν πέτυχε δηλαδή συνέβαλε στη διάλυση των παραδοσιακών κομμάτων κατέστησε μόνη αντιπολίτευση τα άκρα τα οποία θεωρεί κι επιβεβαιώθηκε κι εχθές μη εκλέξιμα ώστε να μπορεί να εκλέγεται ο ίδιος όπως εξελέγη το 2017 όπως εξελέγη κι εχθές με αυτό το πολύ υψηλό ποσοστό του 585 ένα ποσοστό που θα ζήλευαν οι περισσότεροι των πολιτικών στην Ευρώπη.Ωστόσο αυτό έχει έναν κίνδυνο γιατί το κάνεις μια το κάνεις δυο και κάποια στιγμή μπορεί αυτά τα άκρα αυτά τα αντισυστημικά κόμματα να περάσουν το κατώφλι και τότε να έχεις το μεγάλο πρόβλημα. Δεν έγινε χθες.Η Ευρώπη αισθάνεται μια μεγάλη ανακούφιση την οποία σχεδόν ακούσαμε από τη Ρώμη από το Βερολίνο από τη Μαδρίτη αν θέλετε κι από την Αθήνα. Έσπευσαν όλοι οι Ευρωπαίοι ηγέτες να συγχαρούν τον Μακρόν γιατί προφανώς παίζει έναν πολύ κεντρικό ρόλο η Γαλλία κι ο Μακρόν πρωταγωνίστησε στα ευρωπαϊκά όπως δεν το είχαν κάνει άλλοι Γάλλοι πρόεδροι τα τελευταία χρόνια σημείωσε επίσης ο βουλευτής της ΝΔ.,/home/panos/Documents/ATD/docengine/raw_docs/doc4.html,3025,5517,https://www.in.gr/2022/04/25/politics/kairidis-na-doume-tora-o-makron-tha-kataferei-na-elegksei-ti-vouli/,2022-04-27 13:14:13
5,Ο Κυριάκος Μητσοτάκηςμεταβαίνει στη Σκωτία κατόπιν πρόσκλησης του πρίγκιπα της Ουαλίας Καρόλου όπως ανακοίνωσε το Γραφείο Τύπου του πρωθυπουργού.Ο κ. Μητσοτάκης θα ξεναγηθεί και θα φιλοξενηθεί στο ιστορικό κτήμα και στα κτήρια του 18ου αιώνα του Dumfries House που διαχειρίζεται το Ίδρυμα του πρίγκιπα της Ουαλίας με τη μορφή κοινωνικής προσφοράς.Κατά τη συνάντηση με τον διάδοχο του βρετανικού θρόνου θα συζητηθεί μεταξύ άλλων η δυνατότητα άντλησης ιδεών από τον τρόπο ανάπτυξης του Dumfries House για τημελλοντική αξιοποίηση του κτήματος Τατοΐου. Για το θέμα αυτό ο πρίγκιπας της Ουαλίας είχε εκφράσει προσωπικό ενδιαφέρον όταν είχε επισκεφθεί την Ελλάδα για την επέτειο των 200 χρόνων από την Ελληνική Επανάσταση του 1821 και είχε συναντηθεί με τον πρωθυπουργό στο Μέγαρο Μαξίμου στις 25 Μαρτίου.,/home/panos/Documents/ATD/docengine/raw_docs/doc5.html,799,1436,https://www.zougla.gr/politiki/article/sti-skotia-o-mitsotakis-katopin-prosklisis-tou-prigipa-karolou,2022-04-27 13:14:13
6,Η ασφάλεια των φοιτητών και των καθηγητών αποτελεί απόλυτη προτεραιότητα του υπουργείου Προστασίας του Πολίτη την οποία ήδη κάνουμε πράξη σημειώνει σε ανάρτησή του στα social media ο υπουργός Προστασίας του Πολίτη Τάκης Θεοδωρικάκος σχετικά με την κατασκευή νέας βιβλιοθήκης στο Αριστοτέλειο Πανεπιστήμιο Θεσσαλονίκης.Η ΕΛ.ΑΣ. βρίσκεται σήμερα τόσο εντός όσο και στον περιβάλλοντα χώρο του Αριστοτελείου Πανεπιστημίου Θεσσαλονίκης για να διασφαλίσει την ομαλή κατασκευή της νέας βιβλιοθήκης στη σχολή θετικών επιστημών επισημαίνει ακόμη ο κ.Θεοδωρικάκος.,/home/panos/Documents/ATD/docengine/raw_docs/doc6.html,554,1018,https://www.zougla.gr/politiki/article/8eodorikakos-apoliti-protereotita-i-asfalia-ton-fititon-ke-ton-ka8igiton,2022-04-27 13:14:13
7,36 χρόνια από την καταστροφή του πυρηνικού εργοστασίου στο Τσερνόμπιλ αναφέρει ο υπουργός Εξωτερικών Νίκος Δένδιας σε ανάρτησή του στο Twitter.Οι εξελίξεις στην ίδια περιοχή μετά τη ρωσική εισβολή στην Ουκρανία υπενθυμίζουν με τον πιο δραματικό τρόπο τους κινδύνους που ελλοχεύουν πάντα από τη χρήση της πυρηνικής ενέργειας προσθέτει ο κ. Δένδιας.36 χρόνια από την καταστροφή του πυρηνικού εργοστασίου στο Τσερνόμπιλ. Οι εξελίξεις στην ίδια περιοχή μετά τη ρωσική εισβολή στην Ουκρανία υπενθυμίζουν με τον πιο δραματικό τρόπο τους κινδύνους που ελλοχεύουν πάντα από τη χρήση της πυρηνικής ενέργειας. pic.twitter.com5tVFaP7mF3 Nikos Dendias NikosDendias April 26 2022,/home/panos/Documents/ATD/docengine/raw_docs/doc7.html,666,1161,https://www.zougla.gr/politiki/article/minima-n-dendia-gia-ta-36-xronia-apo-to-piriniko-distixima-sto-tsernompil,2022-04-27 13:14:13
8,Για πάνω από 500 διακοπές ρεύματος ημερησίως στην Αττική έκανε λόγο σήμερα το πρωί σε συνέντευξη ο πρόεδρος των τεχνικών της ΔΕΗ τονίζει σε ανακοίνωσή του το ΜέΡΑ25 τονίζοντας ότι οι κυβερνητικοί μπορεί να χύνουν κροκοδείλια δάκρυα για το ρεύμα η πραγματικότητα όμως που αυτοί μαζί με τον νομοθέτη του Χρηματιστηρίου Ενέργειας κ. Τσίπρα δημιούργησαν είναι αμείλικτη. Σύμφωνα με το ΜέΡΑ25  Για αυτό θεσμοθέτησαν άλλωστε τα κόμματα της ολιγαρχίας το Χρηματιστήριο Ενέργειας για να κερδοσκοπούν οι εντολείς τους ολιγάρχες πάνω στο ρεύμα όπως σε οποιοδήποτε εμπόρευμα. Τόσο κυνικά τόσο μισανθρωπικά.Όμως εδώ δεν μιλάμε για ένα εμπόρευμα μιλάμε για ένα αγαθό αναγκαίο για την επιβίωση προσθέτει. Αναφέρει επίσης ότι Το ΜέΡΑ25 από την πρώτη στιγμή φωνάζει από όλα τα βήματα και σε όλους τους τόνους Κατάργηση τώρα του Χρηματιστηρίου Ενέργειας Κατάργηση της Οριακής Τιμολόγησης Κατάργηση της μετατροπής του ρεύματος σε εμπόρευμα. Δεν υπάρχει άλλη λύση. Σε άμεσο χρόνο αποδοχή από την κυβέρνηση της τροπολογίας του ΜέΡΑ25 για καμία διακοπή ρεύματος στα πληττόμενα νοικοκυριά και τις μικρομεσαίες επιχειρήσεις.Καμία κανείς χωρίς ρεύμα,/home/panos/Documents/ATD/docengine/raw_docs/doc8.html,1125,2062,https://www.naftemporiki.gr/story/1856985/mera25-pano-apo-500-diakopes-reumatos-imerisios-stin-attiki-krokodeilia-dakrua-kubernitikon,2022-04-27 13:14:13
9,Δύο πολύ πρόσφατα γεγονότα υπογραμμίζουν ότι παρά τους όποιους τακτικισμούς η απουσία κάθε έννοιας κράτους δικαίου ανεξαρτησίας της δικαιοσύνης ο περιορισμός των ελευθεριών ο αμετανόητος αναθεωρητισμόςκαι η επιθυμία επιστροφής σε ένα δήθεν αυτοκρατορικόπαρελθόν παραμένουν κύρια στοιχεία της πολιτικής της τουρκικής κυβέρνησης σχολιάζει με ανάρτησή του ο πρόεδρος του ΠΑΣΟΚΚινήματος Αλλαγής. Ειδικότερα οΝίκος Ανδρουλάκης αναφέρει πως μία ημέρα πριν από την 107η επέτειο της Γενοκτονίας των Αρμενίων ο τούρκος υπουργός Εξωτερικών Μ. Τσαβούσογλου κατά τη διάρκεια της επίσκεψής του στην Ουρουγουάη όταν η αυτοκινητοπομπή του πέρασε μπροστά από αρμένιους διαδηλωτές από το παράθυρο και για να τους προκαλέσει έκανε με το χέρι του το σήμα της εθνικιστικής παραστρατιωτικής οργάνωσης των Γκρίζων Λύκων που σε χώρες όπως η  Γαλλία  έχουν απαγορευθεί λόγω των βίαιων επιθέσεων που έχουν διαπράξει. Εχθές πάλι δυο μόλις μέρες μετά τουρκικό Δικαστήριο καταδίκασε τον ακτιβιστή για τα ανθρώπινα δικαιώματα στην Τουρκία Οσμάν Καβαλά σε ισόβια κάθειρξη χωρίς το δικαίωμα πρόωρης αποφυλάκισης με την κατηγορία ότι συμμετείχε στην απόπειρα πραξικοπήματος του 2016. Ο Οσμάν Καβαλά βρίσκεται προφυλακισμένος από το 2017. Το 2020 είχε αθωωθεί για την υποκίνηση των διαδηλώσεων στο Πάρκο Γκεζί όμως κατηγορήθηκε εκ νέου από τις τουρκικές αρχές ότι συμμετείχε στην απόπειρα πραξικοπήματος το 2016 με αποτέλεσμα να μη φύγει ποτέ από τη φυλακή. Το Ευρωπαϊκό Δικαστήριο Ανθρωπίνων Δικαιωμάτων έχει καταδικάσει ήδη δυο φορές την Τουρκία για την πολυετή προφυλάκισή του χωρίς δίκη. Το 2021 μάλιστα δέκα Πρέσβεις ευρωπαϊκών χωρών είχαν ζητήσει με κοινή τους επιστολή την αποφυλάκισή του με τον Πρόεδρο Ερντογάν να απειλεί να τους απελάσει. Υπάρχουν χώρες πουακόμα και τώραστονβωμό οικονομικών συμφερόντωνσυνεχίζουν να κάνουν ότι δεν βλέπουν τον ελέφαντα στο δωμάτιο. Δυστυχώςόπως αποδεικνύουν και τα τραγικά γεγονότα στην καρδιά της Ευρώπης δεν είναι η πρώτη φορά που συμβαίνει αυτό με καταστροφικά αποτελέσματα επισημαίνει ο κ. Ανδρουλάκης.,/home/panos/Documents/ATD/docengine/raw_docs/doc9.html,2017,3707,https://www.naftemporiki.gr/story/1857008/n-androulakis-ametanoitos-anatheoritismos-kai-apousia-kratous-dikaiou-stin-tourkia,2022-04-27 13:14:13
10,Έκτακτη σύσκεψη θα πραγματοποιηθεί σήμερα στις 1530 στο Μέγαρο Μαξίμου υπό τον πρωθυπουργό Κυριάκο Μητσοτάκη με τη συμμετοχή της ηγεσίας του Υπουργείου Περιβάλλοντος και Ενέργειας για την ενεργειακή επάρκεια της χώρας και τις ευρύτερες επιπτώσεις που προκαλούν οι χθεσινές αποφάσεις της Ρωσίας ενόψει του τελεσιγράφου της 20ης Μαϊου. Σήμερα το πρωί ο Κυριάκος Μητσοτάκης είχε τηλεφωνική επικοινωνία με τον πρωθυπουργό της Βουλγαρίας Kiril Petkov. Στη διάρκεια της επικοινωνίας ο πρωθυπουργός ανέφερε ότι η Ελλάδα θα συνδράμει τη Βουλγαρία για να αντιμετωπίσει τη νέα κατάσταση που προκάλεσαν για τη χώρα οι ρωσικές αποφάσεις στον ενεργειακό τομέα. Η χώρα μας αναμένεται ειδικότερα να καλύψει τις ανάγκες της Βουλγαρίας σε υγροποιημένο φυσικό αέριο LNG από τις εγκαταστάσεις της Ρεβυθούσας όπως έχει κάνει και πριν από ένα μήνα. Υπενθυμίζεται ότι η Ρωσία έχει παγώσει από χθες τις εξαγωγές φυσικού αερίου σε Πολωνία και Βουλγαρια. Η απόφαση αυτή επηρεάζει όμως και την Ελλάδα δεδομένου ότι η χώρα μας έχει στενή ενεργειακή συνεργασία με το βόρειο γείτονα μας. Στις 22 Φεβρουαρίου άλλωστε υπουργική αντιπροσωπεία από τη Βουλγαρία είχε επισκεφθεί την Αθήνα και είχε συναντηθεί με τον πρωθυπουργό με τον οποίο συζήτησε για την προώθηση του αγωγού φυσικού αερίου IGB και για την ηλεκτρική διασύνδεση των δύο χωρών. Ενώ στις 20 Δεκεμβρίου 2021 ο κ.Μητσοτάκης είχε συναντηθεί με το Βούλγαρο ομόλογο του Κιρίλ Πέτκοφ με τον οποίο είχε επίσης συζητήσει κυρίως την ενεργειακή συνεργασία. Σημειωτέον ότι η Βουλγαρία καλύπτει πάνω από το 90 των αναγκών της με τις εισαγωγές από την Gazprom. Ο IGB θα συνδεθεί στη χώρα μας με τον TAP μέσω του οποίου οι Βούλγαροι θα προμηθεύονται φυσικό αέριο από το Αζερμπαϊτζάν. Ωστόσο η κατασκευή του έχει καθυστερήσει. Υπενθυμίζεται ότι ο Βλαντίμιρ Πούτιν έχει απαιτήσει από χώρες τις οποίες χαρακτηρίζει μη φιλικές να συμφωνήσουν στην εφαρμογή ενός σχεδίου βάσει του οποίου θα πρέπει να ανοίξουν λογαριασμούς στην Gazprombank για τις πληρωμές του ρωσικού φυσικού αερίου με την τελευταία να αναλαμβάνει τη μετατροπή του συναλλάγματος σε ρούβλια.Αυτό σημαίνει ότι η 20η Μαϊου αποτελεί ορόσημο και για τη χώρα μας καθώς οι ελληνικές εταιρείες θα πρέπει να πληρωσουν σε ρούβλια σύμφωνα με το ρωσικό τελεσίγραφο. Αυτό προφανώς δεν μπορεί να το δεχθεί η Αθήνα καθώς έρχεται σε αντίθεση με τις αποφάσεις της ΕΕ απο την άλλη όμως θα βρεθεί και η χώρα μας σε δύσκολη ενεργειακά θέση. Ο πρωθυπουργός έχει πάντως διαβεβαιώσει τους πολίτες για την επάρκεια της χώρας σε φυσικό αέριο.,/home/panos/Documents/ATD/docengine/raw_docs/doc10.html,2496,4523,https://www.news247.gr/politiki/ektakti-syskepsi-ypo-ton-mitsotaki-se-epifylaki-gia-to-fysiko-aerio-meta-to-neo-chtypima-tis-rosias.9610724.html,2022-04-27 13:14:13
11,Έκρηξη αυτοσχέδιου εμπρηστικού μηχανισμού αποτελούμενου από γκαζάκια που άγνωστοι δράστες τοποθέτησαν σημειώθηκε τα ξημερώματα στα γραφεία της Τοπικής Οργάνωσης της Νέας Δημοκρατίας επί της Λ. Δημοκρατίας 47 στην Πεύκη.Από την έκρηξη και ανάφλεξη του εμπρηστικού μηχανισμού έσπασε η τζαμαρία της εισόδου των γραφείων και προκλήθηκε μαύρισμα στους τοίχους. Έρευνα για το περιστατικό διενεργεί η Κρατική Ασφάλεια.,/home/panos/Documents/ATD/docengine/raw_docs/doc11.html,411,761,https://www.news247.gr/politiki/epithesi-me-gkazakia-sta-grafeia-tis-nd-stin-peyki.9610510.html,2022-04-27 13:14:13
12,Η επανεκλογή του Εμμανουέλ Μακρόν στην προεδρία της Γαλλίας προκάλεσε ανακούφιση στην Αθήνα. Επί των ημερών του το σύνθημα Ελλάς Γαλλία συμμαχία βρήκε νέες πολιτικές και στρατιωτικές εκφράσεις. Και υπήρξε ένας σύμμαχος του Κυριάκου Μητσοτάκη στην ΕΕ από το Ταμείο Ανάκαμψης και την πανδημία μέχρι την προσπάθεια για ευρωπαϊκά μέτρα απέναντι στην ενεργειακή κρίση. Προσπάθεια η οποία βεβαίως συνεχίζεται. Αλλά και σε μία σειρά θεμάτων πολιτικής στρατηγικής ακόμη και επικοινωνιακής πολιτικής το Μαξίμου μοιάζει να κοιτά προς τα Ηλύσια Πεδία για... έμπνευση. Και εξακολουθεί να βρίσκει πηγή έμπνευσης στην επανεκλογή Μακρόν κόντρα στην ακροδεξιά Μαρίν Λεπέν. Οι δυνάμεις του μεσαίου χώρου κατανίκησαν την ακρότητα ήταν το χαρακτηριστικό σχόλιο του κυβερνητικού εκπροσώπου Γιάννη Οικονόμου χθες για τις γαλλικές προεδρικές εκλογές. Καθώς οι Γάλλοι αναλυτές βλέπουν τη χώρα τους να έχει μοιραστεί στα τρία μεταξύ της ακροδεξιάς της ριζοσπαστικής αριστεράς και του κεντρώου χώρου στο Μαξίμου θεωρούν ότι όπως ο Μακρόν επανεξελέγη παρά τη γαλλική οργή για την ακρίβεια εκφράζοντας το τρίτο μπλοκ έτσι και ο κ.Μητσοτάκης θα διεκδικήσει δεύτερη θητεία στις κάλπες που η κυβέρνηση επιμένει ότι θα στηθούν το 2023. Και επιστρέφουν μάλιστα στην περίφημη στρατηγική του μεσαίου χώρου που είχε συμβάλει στη νίκη του Κώστα Καραμανλή το 2004 αν και τότε φυσικά η λογική της Νέας Δημοκρατίας ήταν τελείως διαφορετική. Και βεβαίως η μεγάλη διαφορά με τη Γαλλία είναι ότι ο Μακρόν είχε απέναντι του τη Λεπέν για αυτό και στηρίχθηκε στο δεύτερο γύρο από σημαντικό ποσοστό ψηφοφόρων και της αριστεράς. Ο Μελανσόν άλλωστε είχε δώσει το σύνθημα καμία ψήφος στη Λεπέν που σαφώς και έπαιξε ρόλο στο τελικό αποτέλεσμα. Από το κυβερνητικό στρατόπεδο εν Ελλάδι πάντως εξισώνουν εμμέσως ή και αμέσως την ακροδεξιά Λεπέν με τον ΣΥΡΙΖΑ. Ο ίδιος ο κ.Μητσοτάκης μιλά διαρκώς για την απειλή του λαϊκισμού από όπου και εάν προέρχεται προειδοποιώντας την ΕΕ ότι εάν δεν ληφθούν αποτελεσματικά μέτρα για να αντιμετωπιστεί το κύμα ακρίβειας που πυροδότησε η ενεργειακή κρίση μετά και τον πόλεμο στην Ουκρανία θα ανέλθουν είτε σκληρές δεξιές είτε αριστερές δυνάμεις σε ευρωπαϊκές χώρες. Μητσοτάκης Μακρόν θα συνεργαστούν σε κάθε περίπτωση ακόμη πιο στενά με όλη τη συμμαχία του νότου επιδιώκοντας ουσιαστικά ευρωπαϊκά μέτρα για την ενεργειακή κρίση όπως το πλαφόν στη χονδρική τιμή του φυσικού αερίου και η αποσύνδεση της τιμής του φυσικού αερίου από την κοστολόγηση του ηλεκτρικού ρεύματος. Ο Μακρόν έχει άλλωστε μπροστά του τις βουλευτικές εκλογές του Ιουνίου στις οποίες κινδυνεύει να βρεθεί να συγκυβερνά επί της ουσίας είτε με την ακροδεξιά είτε με την αριστερά. Θα ζητήσει λοιπόν από τη Σύνοδο Κορυφής της ΕΕ να αναλάβει γενναίες αποφάσεις και εφόσον συμβεί αυτό θα κερδίσει μαζί του και η Αθήνα. Στο Ευρωπαϊκό Συμβούλιο όμως δε δίνει πια τον τόνο από το Βερολίνο η Άνγκελα Μέρκελ η οποία στο παρελθόν για χάρη του γαλλογερμανικού άξονα και για να κρατήσει έναν ευρωπαϊστή συνομιλητή στο Παρίσι βοηθούσε το Μακρόν. Αλλά στην Αθήνα όπως και στο Παρίσι δεν εγκαταλείπουν την ελπίδα ότι όπως και με το Ταμείο Ανάκαμψης το μέτωπο των βόρειων θα σπάσει στο τέλος. Και σε κάθε περίπτωση οι πολιτικές πορείες Μακρόν Μητσοτάκη παραμένουν παράλληλες.,/home/panos/Documents/ATD/docengine/raw_docs/doc12.html,3209,5882,https://www.news247.gr/politiki/mesaios-choros-a-la-gallika-o-mitsotakis-thelei-na-ginei-makron.9610070.html,2022-04-27 13:14:13
